date,Value
2023-10-22 00:00:00,0.5292157037902993
2023-10-22 01:00:00,0.24550519269046217
2023-10-22 02:00:00,0.5425549496986116
2023-10-22 03:00:00,1.0407433545704545
2023-10-22 04:00:00,1.0424619308470344
2023-10-22 05:00:00,0.2951106012381076
2023-10-22 06:00:00,0.970123615740992
2023-10-22 07:00:00,0.7256670502099294
2023-10-22 08:00:00,0.8139010534177434
2023-10-22 09:00:00,1.0284880501635805
2023-10-22 10:00:00,0.9946575460318918
2023-10-22 11:00:00,1.4188276390114511
2023-10-22 12:00:00,1.2264316895813132
2023-10-22 13:00:00,1.0344252199761401
2023-10-22 14:00:00,1.1151147091221625
2023-10-22 15:00:00,1.050574055511398
2023-10-22 16:00:00,1.3521920054092842
2023-10-22 17:00:00,0.781632693257448
2023-10-22 18:00:00,0.8629883170685315
2023-10-22 19:00:00,0.4265741953725955
2023-10-22 20:00:00,-0.18014886720748036
2023-10-22 21:00:00,0.6755227409198
2023-10-22 22:00:00,0.6248809714829329
2023-10-22 23:00:00,0.023237079632759255
2023-10-23 00:00:00,0.8032639115728771
2023-10-23 01:00:00,-0.43945443458824823
2023-10-23 02:00:00,-0.11484974009133779
2023-10-23 03:00:00,-0.30813321639179825
2023-10-23 04:00:00,0.08843673050202566
2023-10-23 05:00:00,-0.04413950575036851
2023-10-23 06:00:00,-0.54434980729887
2023-10-23 07:00:00,-0.5739357327494652
2023-10-23 08:00:00,-1.039408517677779
2023-10-23 09:00:00,-1.4407838307969687
2023-10-23 10:00:00,-1.0110134075728034
2023-10-23 11:00:00,-0.9055030921510279
2023-10-23 12:00:00,-0.6140385135794995
2023-10-23 13:00:00,-0.6375942036377589
2023-10-23 14:00:00,-1.1139132344187994
2023-10-23 15:00:00,-1.072047005926015
2023-10-23 16:00:00,-1.2640555298731344
2023-10-23 17:00:00,-1.328624508820622
2023-10-23 18:00:00,-1.3533663544897905
2023-10-23 19:00:00,-0.18182157628800066
2023-10-23 20:00:00,-0.8333976458810259
2023-10-23 21:00:00,-0.7146186876896091
2023-10-23 22:00:00,-0.8525136574597232
2023-10-23 23:00:00,-0.1293741070301141
2023-10-24 00:00:00,-0.7270065396496979
2023-10-24 01:00:00,-0.18303789280242805
2023-10-24 02:00:00,-0.26235053504380135
2023-10-24 03:00:00,0.24776603819329784
2023-10-24 04:00:00,0.10177853512984192
2023-10-24 05:00:00,0.020125344689149838
2023-10-24 06:00:00,0.4792402753141904
2023-10-24 07:00:00,0.72186782300056
2023-10-24 08:00:00,0.7096202556973243
2023-10-24 09:00:00,0.8658052982073101
2023-10-24 10:00:00,0.6579180718025792
2023-10-24 11:00:00,0.7991397100791326
2023-10-24 12:00:00,0.7516235380406697
2023-10-24 13:00:00,0.8758301777151353
2023-10-24 14:00:00,0.7545421872551714
2023-10-24 15:00:00,0.4796130158946438
2023-10-24 16:00:00,1.0339747598961102
2023-10-24 17:00:00,0.8279638526975593
2023-10-24 18:00:00,0.4122015414566712
2023-10-24 19:00:00,0.9786167771184742
2023-10-24 20:00:00,0.4928432881467807
2023-10-24 21:00:00,0.6937779545590338
2023-10-24 22:00:00,0.7993661180863264
2023-10-24 23:00:00,0.5126030958117818
2023-10-25 00:00:00,0.7015089350033038
2023-10-25 01:00:00,-0.13066236261092118
2023-10-25 02:00:00,0.23679540647486763
2023-10-25 03:00:00,-0.2148770995099555
2023-10-25 04:00:00,-0.39605112476145277
2023-10-25 05:00:00,-0.43171446885681647
2023-10-25 06:00:00,-0.47069502394068935
2023-10-25 07:00:00,-0.4735883252455438
2023-10-25 08:00:00,-0.9454415728652892
2023-10-25 09:00:00,-0.4216909228887422
2023-10-25 10:00:00,-0.6373482675589404
2023-10-25 11:00:00,-1.3107492270679815
2023-10-25 12:00:00,-0.46279971967968053
2023-10-25 13:00:00,-0.38553938092511253
2023-10-25 14:00:00,-0.6306229350893505
2023-10-25 15:00:00,-1.0526315618223772
2023-10-25 16:00:00,-1.3184963258265492
2023-10-25 17:00:00,-0.6637924366444561
2023-10-25 18:00:00,-1.0684503308123428
2023-10-25 19:00:00,-0.5331605294068869
2023-10-25 20:00:00,-0.7755881052788038
2023-10-25 21:00:00,-0.47001212342411625
2023-10-25 22:00:00,-0.5689700542063989
2023-10-25 23:00:00,-0.36610380903716544
2023-10-26 00:00:00,-0.46798670287422206
2023-10-26 01:00:00,0.17900845975172963
2023-10-26 02:00:00,-0.19865758248472193
2023-10-26 03:00:00,0.007627937601872345
2023-10-26 04:00:00,0.5775238269520847
2023-10-26 05:00:00,-0.2664003803719519
2023-10-26 06:00:00,-0.12004898913384054
2023-10-26 07:00:00,0.6709588105724527
2023-10-26 08:00:00,0.14123904036561324
2023-10-26 09:00:00,1.1815054420757574
2023-10-26 10:00:00,0.5701201119165079
2023-10-26 11:00:00,0.5547861421446307
2023-10-26 12:00:00,1.428411745681732
2023-10-26 13:00:00,1.3547341410163254
2023-10-26 14:00:00,1.5155088457338872
2023-10-26 15:00:00,1.2566211504921097
2023-10-26 16:00:00,0.7404445687190833
2023-10-26 17:00:00,1.570052905706282
2023-10-26 18:00:00,0.899098288107251
2023-10-26 19:00:00,1.187223908472248
2023-10-26 20:00:00,1.1826937464401257
2023-10-26 21:00:00,0.7898477810403266
2023-10-26 22:00:00,0.9451911367569494
2023-10-26 23:00:00,0.950220928359221
2023-10-27 00:00:00,0.6884345121086317
2023-10-27 01:00:00,0.13854029916312288
2023-10-27 02:00:00,0.44328457138353183
2023-10-27 03:00:00,0.6315904649766773
2023-10-27 04:00:00,-0.09852664638093672
2023-10-27 05:00:00,-0.06061340114570323
2023-10-27 06:00:00,-0.2715873974421144
2023-10-27 07:00:00,0.29064824923743005
2023-10-27 08:00:00,-0.18135814549954626
2023-10-27 09:00:00,-0.3736707678225101
2023-10-27 10:00:00,-0.8319104564962311
2023-10-27 11:00:00,-0.5346911206715342
2023-10-27 12:00:00,-0.9832902658420501
2023-10-27 13:00:00,-0.8436245657176211
2023-10-27 14:00:00,-1.102628847824294
2023-10-27 15:00:00,-0.7532367462585126
2023-10-27 16:00:00,-0.8123717154754074
2023-10-27 17:00:00,-1.061450186437571
2023-10-27 18:00:00,-0.8779844263474905
2023-10-27 19:00:00,-1.306779410035035
2023-10-27 20:00:00,-1.3928446503966292
2023-10-27 21:00:00,-0.7653158655616521
2023-10-27 22:00:00,-0.7846206996478293
2023-10-27 23:00:00,-0.5684138603958337
2023-10-28 00:00:00,0.043712213109831755
2023-10-28 01:00:00,-0.2895884085424047
2023-10-28 02:00:00,-0.7394263994323278
2023-10-28 03:00:00,-0.0157651644167614
2023-10-28 04:00:00,-0.6253880939031544
2023-10-28 05:00:00,-0.2451928468066328
2023-10-28 06:00:00,-0.001605176816857977
2023-10-28 07:00:00,0.6581567475697723
2023-10-28 08:00:00,0.04373616951937942
2023-10-28 09:00:00,0.13801799740795084
2023-10-28 10:00:00,0.46910191391607436
2023-10-28 11:00:00,0.4044027531444356
2023-10-28 12:00:00,1.036709838984898
2023-10-28 13:00:00,0.4589711736924006
2023-10-28 14:00:00,0.5105692955874992
2023-10-28 15:00:00,0.7818153137404856
2023-10-28 16:00:00,0.807673120797807
2023-10-28 17:00:00,1.5647400395866478
2023-10-28 18:00:00,1.2839252082875048
2023-10-28 19:00:00,1.0227949753633743
2023-10-28 20:00:00,0.6105822794925773
2023-10-28 21:00:00,1.197747298302097
2023-10-28 22:00:00,0.59567511948013
2023-10-28 23:00:00,0.3694551046061617
2023-10-29 00:00:00,1.1132806897017387
2023-10-29 01:00:00,0.7639796573237887
2023-10-29 02:00:00,0.8466096377010714
2023-10-29 03:00:00,0.5584126188555246
2023-10-29 04:00:00,0.6049726962573375
2023-10-29 05:00:00,0.032247086894682725
2023-10-29 06:00:00,-0.2066826887075287
2023-10-29 07:00:00,0.1824669715647695
2023-10-29 08:00:00,-0.3882880038733971
2023-10-29 09:00:00,-0.47705665419900845
2023-10-29 10:00:00,-0.5255084796498297
2023-10-29 11:00:00,-0.49611734486693043
2023-10-29 12:00:00,-0.712149049639508
2023-10-29 13:00:00,-1.1134507248059908
2023-10-29 14:00:00,-0.9779885627328645
2023-10-29 15:00:00,-1.5234585415703377
2023-10-29 16:00:00,-0.7268691641302784
2023-10-29 17:00:00,-1.4386068090038546
2023-10-29 18:00:00,-1.3177171385196522
2023-10-29 19:00:00,-0.9835779684208052
2023-10-29 20:00:00,-1.218131809608028
2023-10-29 21:00:00,-0.5146508603308177
2023-10-29 22:00:00,-1.3312571711773726
2023-10-29 23:00:00,-0.8142219523281011
2023-10-30 00:00:00,-0.8429267277988427
2023-10-30 01:00:00,-1.1052407768816646
2023-10-30 02:00:00,-0.5095729150344239
2023-10-30 03:00:00,-0.6192299854565639
2023-10-30 04:00:00,-0.2284671720427668
2023-10-30 05:00:00,-0.09792228760278754
2023-10-30 06:00:00,0.4244793761417038
2023-10-30 07:00:00,0.30049654698475525
2023-10-30 08:00:00,-0.0855993060004226
2023-10-30 09:00:00,0.07856106855049011
2023-10-30 10:00:00,0.6031160323708569
2023-10-30 11:00:00,0.5883231719498304
2023-10-30 12:00:00,0.696119013620185
2023-10-30 13:00:00,0.12336270768747859
2023-10-30 14:00:00,0.695906841763909
2023-10-30 15:00:00,0.5654384225997182
2023-10-30 16:00:00,0.9420342105694332
2023-10-30 17:00:00,0.8862617116004401
2023-10-30 18:00:00,1.2319403671325144
2023-10-30 19:00:00,1.0820795596255877
2023-10-30 20:00:00,1.2352445251020958
2023-10-30 21:00:00,0.8560606370126719
2023-10-30 22:00:00,0.693553998572753
2023-10-30 23:00:00,0.8193375535952401
2023-10-31 00:00:00,0.8878197339997503
2023-10-31 01:00:00,0.9431346321926061
2023-10-31 02:00:00,1.430538923693137
2023-10-31 03:00:00,0.6515312152822775
2023-10-31 04:00:00,0.27839106663282165
2023-10-31 05:00:00,0.3534152699714524
2023-10-31 06:00:00,0.20294135092641702
2023-10-31 07:00:00,0.36587027443510145
2023-10-31 08:00:00,-0.3649065859486328
2023-10-31 09:00:00,-0.009320259814179128
2023-10-31 10:00:00,-0.10653109051083726
2023-10-31 11:00:00,-0.20658757353629847
2023-10-31 12:00:00,-0.5738303234159512
2023-10-31 13:00:00,-0.5781695528790461
2023-10-31 14:00:00,-1.038160421243227
2023-10-31 15:00:00,-0.8534330321652721
2023-10-31 16:00:00,-0.9516430102613781
2023-10-31 17:00:00,-0.7348525662856437
2023-10-31 18:00:00,-1.263820731338986
2023-10-31 19:00:00,-0.7254149638496614
2023-10-31 20:00:00,-0.5390709301264645
2023-10-31 21:00:00,-1.6204504053152666
2023-10-31 22:00:00,-0.8678223524686173
2023-10-31 23:00:00,-0.7731384404681811
2023-11-01 00:00:00,-1.1325266132110694
2023-11-01 01:00:00,-1.0106872169778711
2023-11-01 02:00:00,-0.8674923118673824
2023-11-01 03:00:00,-0.8400095690748792
2023-11-01 04:00:00,-0.7545581305532555
2023-11-01 05:00:00,-1.0653786001397552
2023-11-01 06:00:00,-0.10871127699731647
2023-11-01 07:00:00,-0.015177792878618146
2023-11-01 08:00:00,-0.46236734401397006
2023-11-01 09:00:00,-0.5341295346895153
2023-11-01 10:00:00,0.1877616538742207
2023-11-01 11:00:00,-0.01614662680916054
2023-11-01 12:00:00,0.3218488322876482
2023-11-01 13:00:00,0.3017245249258978
2023-11-01 14:00:00,0.7169631256253929
2023-11-01 15:00:00,0.8218534773763104
2023-11-01 16:00:00,0.4899832653472052
2023-11-01 17:00:00,0.3757044522832821
2023-11-01 18:00:00,0.38638830871779695
2023-11-01 19:00:00,1.1013299206264762
2023-11-01 20:00:00,0.6039948250880793
2023-11-01 21:00:00,0.8358638206439247
2023-11-01 22:00:00,0.820659563666893
2023-11-01 23:00:00,0.9796335416683799
2023-11-02 00:00:00,0.39464023073004595
2023-11-02 01:00:00,0.9968628197479087
2023-11-02 02:00:00,1.0472439779590996
2023-11-02 03:00:00,0.852385607098823
2023-11-02 04:00:00,0.6553250968342583
2023-11-02 05:00:00,0.6887136234122679
2023-11-02 06:00:00,0.6796886898232127
2023-11-02 07:00:00,-0.38017063057059447
2023-11-02 08:00:00,0.9228769370328782
2023-11-02 09:00:00,0.33231613755385603
2023-11-02 10:00:00,-0.10465155204015031
2023-11-02 11:00:00,-0.15187122539185588
2023-11-02 12:00:00,-0.011572394560688953
2023-11-02 13:00:00,-0.3171123021752508
2023-11-02 14:00:00,-1.0096120065062946
2023-11-02 15:00:00,0.10714293043757228
2023-11-02 16:00:00,-0.6490714507190827
2023-11-02 17:00:00,-0.4038290787640092
2023-11-02 18:00:00,-1.0002498450743957
2023-11-02 19:00:00,-0.4019504420226585
2023-11-02 20:00:00,-0.833554024746061
2023-11-02 21:00:00,-0.7788681598930809
2023-11-02 22:00:00,-1.3019674004683073
2023-11-02 23:00:00,-0.6362991807612406
2023-11-03 00:00:00,-0.7881521961067229
2023-11-03 01:00:00,-0.5842739777869792
2023-11-03 02:00:00,-1.1275799455072582
2023-11-03 03:00:00,-1.0329470021986806
2023-11-03 04:00:00,-0.1329066468084279
2023-11-03 05:00:00,-1.064506935119817
2023-11-03 06:00:00,-0.6979112954610573
2023-11-03 07:00:00,-0.21629916748227762
2023-11-03 08:00:00,-0.4194816899005209
2023-11-03 09:00:00,-0.15825369083274216
2023-11-03 10:00:00,-0.33205079494309286
2023-11-03 11:00:00,0.02307785794839394
2023-11-03 12:00:00,-0.3542301628497492
2023-11-03 13:00:00,0.6602377160296086
2023-11-03 14:00:00,0.24984735254948706
2023-11-03 15:00:00,0.19923286129677742
2023-11-03 16:00:00,0.7148182148491673
2023-11-03 17:00:00,0.4801677456853587
2023-11-03 18:00:00,0.3118147440308538
2023-11-03 19:00:00,0.39053305218076084
2023-11-03 20:00:00,1.0725807012723314
2023-11-03 21:00:00,0.8728170316013387
2023-11-03 22:00:00,0.9222700413153861
2023-11-03 23:00:00,1.312187421570549
2023-11-04 00:00:00,0.6616741316445278
2023-11-04 01:00:00,0.7755783936112289
2023-11-04 02:00:00,0.8586579376702872
2023-11-04 03:00:00,0.9663743037121713
2023-11-04 04:00:00,0.8745408390292415
2023-11-04 05:00:00,0.736230023876576
2023-11-04 06:00:00,0.7259181252413911
2023-11-04 07:00:00,0.6225611155799169
2023-11-04 08:00:00,0.33887153783304114
2023-11-04 09:00:00,0.20208882912024215
2023-11-04 10:00:00,0.41252795770633516
2023-11-04 11:00:00,-0.05813259198584736
2023-11-04 12:00:00,-0.26240065327155493
2023-11-04 13:00:00,-0.13455787477037967
2023-11-04 14:00:00,-0.21320059142289138
2023-11-04 15:00:00,0.38870785889913456
2023-11-04 16:00:00,-0.6175720732945009
2023-11-04 17:00:00,-0.23461834296726158
2023-11-04 18:00:00,-0.39669549458024483
2023-11-04 19:00:00,-1.0709801229996057
2023-11-04 20:00:00,-0.56447796626066
2023-11-04 21:00:00,-1.2211895958320182
2023-11-04 22:00:00,-1.7196635610869047
2023-11-04 23:00:00,-0.7813343335909148
2023-11-05 00:00:00,-1.5160945647026984
2023-11-05 01:00:00,-0.8645107557050918
2023-11-05 02:00:00,-1.199659225072455
2023-11-05 03:00:00,-0.47554104190812685
2023-11-05 04:00:00,-0.6164218794947937
2023-11-05 05:00:00,-1.021752649528241
2023-11-05 06:00:00,-1.0268538584050595
2023-11-05 07:00:00,-1.1065257626762843
2023-11-05 08:00:00,-0.7846493262250787
2023-11-05 09:00:00,-0.6362402948889891
2023-11-05 10:00:00,-0.5525779239443555
2023-11-05 11:00:00,-0.28019188427185754
2023-11-05 12:00:00,-0.03250926210189528
2023-11-05 13:00:00,0.02322423521280831
2023-11-05 14:00:00,-0.18523107513653814
2023-11-05 15:00:00,-0.2623366218186822
2023-11-05 16:00:00,0.7006785177040669
2023-11-05 17:00:00,0.20219888656047227
2023-11-05 18:00:00,0.3245966320207314
2023-11-05 19:00:00,0.4669573742544709
2023-11-05 20:00:00,0.16357305842930525
2023-11-05 21:00:00,0.6549593374536193
2023-11-05 22:00:00,0.7236967434915229
2023-11-05 23:00:00,1.1092330887106014
2023-11-06 00:00:00,1.173607491548516
2023-11-06 01:00:00,0.9909119824367575
2023-11-06 02:00:00,1.2794049391666134
2023-11-06 03:00:00,1.0961098526502033
2023-11-06 04:00:00,0.9679764212292072
2023-11-06 05:00:00,0.9841497560370227
2023-11-06 06:00:00,0.8270767349150302
2023-11-06 07:00:00,0.7002460001714146
2023-11-06 08:00:00,0.659871635647217
2023-11-06 09:00:00,0.3115825236130355
2023-11-06 10:00:00,0.6336414896530131
2023-11-06 11:00:00,0.1424115296780183
2023-11-06 12:00:00,0.5767191747156624
2023-11-06 13:00:00,0.12814987797460442
2023-11-06 14:00:00,0.09338596605466556
2023-11-06 15:00:00,0.10099746351287689
2023-11-06 16:00:00,0.020894856770553194
2023-11-06 17:00:00,-0.7655128779065469
2023-11-06 18:00:00,-0.47397235110348007
2023-11-06 19:00:00,-0.25891404460402306
2023-11-06 20:00:00,-1.1352019226589896
2023-11-06 21:00:00,-0.6024999822406
2023-11-06 22:00:00,-1.4769105914783425
2023-11-06 23:00:00,-1.1759050447094066
2023-11-07 00:00:00,-0.9127410140550513
2023-11-07 01:00:00,-1.4619154993752599
2023-11-07 02:00:00,-1.2858774747934514
2023-11-07 03:00:00,-1.4414503740159055
2023-11-07 04:00:00,-0.49933444836630947
2023-11-07 05:00:00,-0.9226778827942377
2023-11-07 06:00:00,-0.7645715733017124
2023-11-07 07:00:00,-0.9496024428826034
2023-11-07 08:00:00,-0.9229205618365748
2023-11-07 09:00:00,-1.2230157882092092
2023-11-07 10:00:00,-0.735144090456385
2023-11-07 11:00:00,-0.7753265390339041
2023-11-07 12:00:00,-0.18014583317906435
2023-11-07 13:00:00,0.02107721629019621
2023-11-07 14:00:00,0.24006642945946
2023-11-07 15:00:00,0.18036351725490818
2023-11-07 16:00:00,-0.12930161072766044
2023-11-07 17:00:00,-0.1595726525525371
2023-11-07 18:00:00,0.5273287911793609
2023-11-07 19:00:00,0.5216526263526855
2023-11-07 20:00:00,-0.0049159825792736145
2023-11-07 21:00:00,0.7348645350982175
2023-11-07 22:00:00,0.965223165696254
2023-11-07 23:00:00,0.8198008695217709
2023-11-08 00:00:00,0.8151877988614923
2023-11-08 01:00:00,0.6832310726228674
2023-11-08 02:00:00,0.5317616384193631
2023-11-08 03:00:00,1.2307473833794136
2023-11-08 04:00:00,0.9072050947745975
2023-11-08 05:00:00,0.9233796722474481
2023-11-08 06:00:00,1.49101810832579
2023-11-08 07:00:00,1.1389870956832266
2023-11-08 08:00:00,0.9925658124956889
2023-11-08 09:00:00,0.85769168304183
2023-11-08 10:00:00,1.1919465257001605
2023-11-08 11:00:00,1.1610702281848262
2023-11-08 12:00:00,0.8230948980356181
2023-11-08 13:00:00,0.6093604585689023
2023-11-08 14:00:00,-0.31010720643945705
2023-11-08 15:00:00,0.2339415157176549
2023-11-08 16:00:00,0.033233825677328695
2023-11-08 17:00:00,-0.025249105223628294
2023-11-08 18:00:00,0.10462215502748606
2023-11-08 19:00:00,-1.1222340277449627
2023-11-08 20:00:00,-0.5884178282740483
2023-11-08 21:00:00,-0.44734688225540076
2023-11-08 22:00:00,-0.7707172688150099
2023-11-08 23:00:00,-1.1481150180171058
2023-11-09 00:00:00,-0.5433080842806728
2023-11-09 01:00:00,-0.7891846263095134
2023-11-09 02:00:00,-1.2180432765366338
2023-11-09 03:00:00,-0.8720884161663491
2023-11-09 04:00:00,-0.7446062330782297
2023-11-09 05:00:00,-0.9983813019671385
2023-11-09 06:00:00,-0.7528851481613628
2023-11-09 07:00:00,-0.9469696379757302
2023-11-09 08:00:00,-1.0510743322454965
2023-11-09 09:00:00,-1.2276541507669796
2023-11-09 10:00:00,-0.8390264153108435
2023-11-09 11:00:00,-0.6755274438236734
2023-11-09 12:00:00,-0.38003778122120135
2023-11-09 13:00:00,-0.5761347120702698
2023-11-09 14:00:00,-0.2946341711840047
2023-11-09 15:00:00,-0.6046745426976755
2023-11-09 16:00:00,-0.42852949795225953
2023-11-09 17:00:00,-0.10224583433104753
2023-11-09 18:00:00,-0.25981348999405124
2023-11-09 19:00:00,0.4274594870266239
2023-11-09 20:00:00,0.44226804726172775
2023-11-09 21:00:00,0.5042082426134199
2023-11-09 22:00:00,0.6326568376594812
2023-11-09 23:00:00,1.2394140443835027
2023-11-10 00:00:00,0.584552742416551
2023-11-10 01:00:00,0.14543073129259743
2023-11-10 02:00:00,0.9335699290017145
2023-11-10 03:00:00,0.9127079649669639
2023-11-10 04:00:00,0.812079835638074
2023-11-10 05:00:00,0.6978471358295226
2023-11-10 06:00:00,0.8682320179137457
2023-11-10 07:00:00,1.0470812156624931
2023-11-10 08:00:00,0.8188390214174603
2023-11-10 09:00:00,1.655101393310463
2023-11-10 10:00:00,0.590177664126172
2023-11-10 11:00:00,0.5734779776228187
2023-11-10 12:00:00,0.045089314104523326
2023-11-10 13:00:00,0.7158207512216395
2023-11-10 14:00:00,-0.06596576599864734
2023-11-10 15:00:00,0.2671839640659892
2023-11-10 16:00:00,0.22960388382915553
2023-11-10 17:00:00,-0.022263744720220274
2023-11-10 18:00:00,0.5876532968987038
2023-11-10 19:00:00,0.23860385248607544
2023-11-10 20:00:00,0.21126425609657112
2023-11-10 21:00:00,-0.5710496652123489
2023-11-10 22:00:00,-0.08475243670780586
2023-11-10 23:00:00,-0.3848474764696277
2023-11-11 00:00:00,-0.4041103012731191
2023-11-11 01:00:00,-0.4185419929350591
2023-11-11 02:00:00,-1.0803501078234152
2023-11-11 03:00:00,-1.0026001869832526
2023-11-11 04:00:00,-0.6702781695329487
2023-11-11 05:00:00,-1.7648136808328145
2023-11-11 06:00:00,-0.5379020104901829
2023-11-11 07:00:00,-0.8340591445346414
2023-11-11 08:00:00,-1.006006155871383
2023-11-11 09:00:00,-0.9027584864925475
2023-11-11 10:00:00,-1.2391963158659431
2023-11-11 11:00:00,-0.981804284619582
2023-11-11 12:00:00,-0.47948586184937986
2023-11-11 13:00:00,-0.34012149944924935
2023-11-11 14:00:00,0.17091030502598437
2023-11-11 15:00:00,-0.5584820430765348
2023-11-11 16:00:00,-0.6237435024300633
2023-11-11 17:00:00,-0.46358625115204255
2023-11-11 18:00:00,-0.4929792160043161
2023-11-11 19:00:00,-0.0862097168231425
2023-11-11 20:00:00,0.17767301908670746
2023-11-11 21:00:00,0.17729396919370383
2023-11-11 22:00:00,0.6382201151010118
2023-11-11 23:00:00,0.35591287192037907
2023-11-12 00:00:00,0.4320694474849829
2023-11-12 01:00:00,0.4635763677271345
2023-11-12 02:00:00,0.23973773322286795
2023-11-12 03:00:00,0.3392408460541864
2023-11-12 04:00:00,0.5230738960827762
2023-11-12 05:00:00,1.3206441523078691
2023-11-12 06:00:00,1.2374888651288272
2023-11-12 07:00:00,1.4047841875373182
2023-11-12 08:00:00,0.6003352674498038
2023-11-12 09:00:00,0.40131302835757854
2023-11-12 10:00:00,0.770111056835308
2023-11-12 11:00:00,0.9818026589624513
2023-11-12 12:00:00,1.0249119831089453
2023-11-12 13:00:00,1.1221127808573599
2023-11-12 14:00:00,0.8126575428432949
2023-11-12 15:00:00,1.1583327200080666
2023-11-12 16:00:00,0.46686605611957416
2023-11-12 17:00:00,0.14940689069180013
2023-11-12 18:00:00,-0.1980414450548295
2023-11-12 19:00:00,-0.08221460060348387
2023-11-12 20:00:00,0.13234985313931832
2023-11-12 21:00:00,-0.33260757083719705
2023-11-12 22:00:00,0.09036809405798052
2023-11-12 23:00:00,0.1113932675491236
2023-11-13 00:00:00,-1.1398964256259858
2023-11-13 01:00:00,-0.27974053224586115
2023-11-13 02:00:00,-1.312256644271544
2023-11-13 03:00:00,-0.6112256095396357
2023-11-13 04:00:00,-0.443952017230902
2023-11-13 05:00:00,-0.858872146670886
2023-11-13 06:00:00,-1.3152720413773653
2023-11-13 07:00:00,-1.1453133929583554
2023-11-13 08:00:00,-1.071173320579177
2023-11-13 09:00:00,-1.054662309656178
2023-11-13 10:00:00,-1.0523651458359176
2023-11-13 11:00:00,-1.0003003821636702
2023-11-13 12:00:00,-0.8638450126363085
2023-11-13 13:00:00,-1.236351966010599
2023-11-13 14:00:00,-0.8784690659577287
2023-11-13 15:00:00,-0.2697336476577345
2023-11-13 16:00:00,-0.7484946028386708
2023-11-13 17:00:00,-0.6641364281060722
2023-11-13 18:00:00,-0.09702032215019213
2023-11-13 19:00:00,-1.0710843483381483
2023-11-13 20:00:00,0.17302844449244262
2023-11-13 21:00:00,-0.2461461765717773
2023-11-13 22:00:00,0.11830761628302641
2023-11-13 23:00:00,0.22263715802250794
2023-11-14 00:00:00,0.5980313743858154
2023-11-14 01:00:00,0.35158042912578946
2023-11-14 02:00:00,0.3381947370969083
2023-11-14 03:00:00,1.0321413468388245
2023-11-14 04:00:00,0.024563180126285222
2023-11-14 05:00:00,0.8193474397621635
2023-11-14 06:00:00,0.4754503689934555
2023-11-14 07:00:00,0.7040336210034559
2023-11-14 08:00:00,1.573824694994403
2023-11-14 09:00:00,0.9796759611781845
2023-11-14 10:00:00,1.058490005044513
2023-11-14 11:00:00,0.45661308992760075
2023-11-14 12:00:00,0.7478201799248424
2023-11-14 13:00:00,0.9856791256640828
2023-11-14 14:00:00,0.9786735059325182
2023-11-14 15:00:00,0.9890630966989442
2023-11-14 16:00:00,0.7256315536897044
2023-11-14 17:00:00,0.7887648675668316
2023-11-14 18:00:00,0.6644527625595762
2023-11-14 19:00:00,-0.1312979111331607
2023-11-14 20:00:00,0.3114325942033105
2023-11-14 21:00:00,0.40866239353124395
2023-11-14 22:00:00,0.2303990202057829
2023-11-14 23:00:00,-0.1814235548845132
2023-11-15 00:00:00,-0.43851289376329244
2023-11-15 01:00:00,-0.6537672921876336
2023-11-15 02:00:00,-0.4740092845807001
2023-11-15 03:00:00,-0.20431940078863187
2023-11-15 04:00:00,-1.2307346663732015
2023-11-15 05:00:00,-0.9339155864540699
2023-11-15 06:00:00,-1.157013878130468
2023-11-15 07:00:00,-0.6458310556970509
2023-11-15 08:00:00,-1.0999296516027277
2023-11-15 09:00:00,-1.1123930497023542
2023-11-15 10:00:00,-1.0585045416493968
2023-11-15 11:00:00,-0.8663214529435408
2023-11-15 12:00:00,-1.1083746979910611
2023-11-15 13:00:00,-1.8795649647931638
2023-11-15 14:00:00,-0.7625320515083063
2023-11-15 15:00:00,-0.7389910128314536
2023-11-15 16:00:00,-0.8679855012834367
2023-11-15 17:00:00,-1.0460782051202497
2023-11-15 18:00:00,-0.5226859641245795
2023-11-15 19:00:00,-0.4118748925690454
2023-11-15 20:00:00,-0.5557746458791141
2023-11-15 21:00:00,-0.3623492778643777
2023-11-15 22:00:00,-0.4542433939987661
2023-11-15 23:00:00,-0.10387129794420835
2023-11-16 00:00:00,-0.3897267389583854
2023-11-16 01:00:00,0.32510283155357
2023-11-16 02:00:00,0.037942796394971445
2023-11-16 03:00:00,0.508953954799671
2023-11-16 04:00:00,0.12509000064127496
2023-11-16 05:00:00,0.4705755878652801
2023-11-16 06:00:00,0.7049267101362646
2023-11-16 07:00:00,0.3186810935947341
2023-11-16 08:00:00,0.9173442746642094
2023-11-16 09:00:00,0.821014387835684
2023-11-16 10:00:00,0.4492393500808839
2023-11-16 11:00:00,0.6028021017780978
2023-11-16 12:00:00,1.1814358970327177
2023-11-16 13:00:00,1.2588910491368215
2023-11-16 14:00:00,0.9253283767759264
2023-11-16 15:00:00,1.0457587231435401
2023-11-16 16:00:00,0.936306060606735
2023-11-16 17:00:00,0.8991282173381618
2023-11-16 18:00:00,1.1044793269773456
2023-11-16 19:00:00,0.17367065740719823
2023-11-16 20:00:00,0.7259059378828641
2023-11-16 21:00:00,0.29729856156417633
2023-11-16 22:00:00,0.22704817507226144
2023-11-16 23:00:00,0.08142456359503243
2023-11-17 00:00:00,-0.06539056564373963
2023-11-17 01:00:00,-0.44639632906329435
2023-11-17 02:00:00,-0.14798569227328748
2023-11-17 03:00:00,0.17705311438524884
2023-11-17 04:00:00,-0.4571885190973721
2023-11-17 05:00:00,-0.5499244908845186
2023-11-17 06:00:00,-0.8561756341588758
2023-11-17 07:00:00,-0.7754340606466972
2023-11-17 08:00:00,-0.6788509265399958
2023-11-17 09:00:00,-0.9953455152655488
2023-11-17 10:00:00,-1.0720125178799356
2023-11-17 11:00:00,-0.851701692629759
2023-11-17 12:00:00,-1.2695217884723213
2023-11-17 13:00:00,-0.9241014388369583
2023-11-17 14:00:00,-0.7436841764903013
2023-11-17 15:00:00,-0.5560857843183424
2023-11-17 16:00:00,-0.9502402013484873
2023-11-17 17:00:00,-0.4573143157577688
2023-11-17 18:00:00,-0.4880285727271867
2023-11-17 19:00:00,-1.0153577155563853
2023-11-17 20:00:00,-0.9886957214395424
2023-11-17 21:00:00,-0.6117738033263418
2023-11-17 22:00:00,-0.10035299421181315
2023-11-17 23:00:00,-0.3130050655581289
2023-11-18 00:00:00,-0.3491980875988088
2023-11-18 01:00:00,0.42166085197329184
2023-11-18 02:00:00,0.16774344828025917
2023-11-18 03:00:00,-0.4901125712745237
2023-11-18 04:00:00,0.4223512287354857
2023-11-18 05:00:00,0.5991820450402512
2023-11-18 06:00:00,0.619816242658168
2023-11-18 07:00:00,0.7872861665901117
2023-11-18 08:00:00,0.7221198591023834
2023-11-18 09:00:00,0.42498381418624
2023-11-18 10:00:00,0.7745257074379208
2023-11-18 11:00:00,0.6532899605469835
2023-11-18 12:00:00,0.6935840075209028
2023-11-18 13:00:00,0.6155354510627576
2023-11-18 14:00:00,1.1355378220328907
2023-11-18 15:00:00,1.0186962332893028
2023-11-18 16:00:00,0.8287805821366734
2023-11-18 17:00:00,0.7271105113519871
2023-11-18 18:00:00,0.8589984722988345
2023-11-18 19:00:00,1.1202122778984105
2023-11-18 20:00:00,0.11303192177203492
2023-11-18 21:00:00,0.7339149511281438
2023-11-18 22:00:00,0.3538829682469159
2023-11-18 23:00:00,-0.15921376291403433
2023-11-19 00:00:00,-0.2954017347127387
2023-11-19 01:00:00,-0.10793456167269169
2023-11-19 02:00:00,0.10672306621274898
2023-11-19 03:00:00,0.033112955691554785
2023-11-19 04:00:00,-0.49083640473292534
2023-11-19 05:00:00,-0.02506675293393079
2023-11-19 06:00:00,-0.0190916767483999
2023-11-19 07:00:00,-0.4359268788803632
2023-11-19 08:00:00,-0.8321734988264716
2023-11-19 09:00:00,-0.4070802905228412
2023-11-19 10:00:00,-0.5956774728523881
2023-11-19 11:00:00,-0.6269700510158006
2023-11-19 12:00:00,-1.1350079293663526
2023-11-19 13:00:00,-1.824488232060967
2023-11-19 14:00:00,-0.35974441304235616
2023-11-19 15:00:00,-1.4829853952752936
2023-11-19 16:00:00,-0.9995947013525206
2023-11-19 17:00:00,-0.24815690386677958
2023-11-19 18:00:00,-0.8215160361316762
2023-11-19 19:00:00,-0.5796748134146106
2023-11-19 20:00:00,-1.2452672746924012
2023-11-19 21:00:00,-1.2453923718776698
2023-11-19 22:00:00,-0.7781945195016701
2023-11-19 23:00:00,-0.18767836986709546
2023-11-20 00:00:00,-0.5071611567959061
2023-11-20 01:00:00,-0.5236874623782881
2023-11-20 02:00:00,-0.10340832522547852
2023-11-20 03:00:00,0.2868526728555311
2023-11-20 04:00:00,-0.3455431512849241
2023-11-20 05:00:00,-0.15094681208957053
2023-11-20 06:00:00,0.09653901838913215
2023-11-20 07:00:00,0.777190692670746
2023-11-20 08:00:00,0.6278130340418203
2023-11-20 09:00:00,1.296772408470837
2023-11-20 10:00:00,1.0274359060468052
2023-11-20 11:00:00,0.813553103046837
2023-11-20 12:00:00,1.2681622181183063
2023-11-20 13:00:00,1.0026027814175578
2023-11-20 14:00:00,0.7633514409354804
2023-11-20 15:00:00,1.1990900986758835
2023-11-20 16:00:00,0.7907447714909426
2023-11-20 17:00:00,0.9012722604143014
2023-11-20 18:00:00,1.359856119017243
2023-11-20 19:00:00,0.8890726855426602
2023-11-20 20:00:00,0.6219211421360706
2023-11-20 21:00:00,0.6533335833025686
2023-11-20 22:00:00,1.0164180679975163
2023-11-20 23:00:00,0.45014705150754797
2023-11-21 00:00:00,0.3961436738982623
2023-11-21 01:00:00,0.24731884431299986
2023-11-21 02:00:00,0.3374587687502619
2023-11-21 03:00:00,0.04404799968401965
2023-11-21 04:00:00,-0.44596560193189244
2023-11-21 05:00:00,-0.35722530523531837
2023-11-21 06:00:00,-0.49512485315724614
2023-11-21 07:00:00,0.03689257077301822
2023-11-21 08:00:00,-0.2078049837305531
2023-11-21 09:00:00,-0.3837969722690643
2023-11-21 10:00:00,-0.811101068727725
2023-11-21 11:00:00,-0.9933284109107456
2023-11-21 12:00:00,-0.9781142614994045
2023-11-21 13:00:00,-1.2056407015911184
2023-11-21 14:00:00,-0.19106912320241598
2023-11-21 15:00:00,-1.6491206670231153
2023-11-21 16:00:00,-0.8262011699849481
2023-11-21 17:00:00,-1.384919464653695
2023-11-21 18:00:00,-1.0192117743878102
2023-11-21 19:00:00,-1.2570531851347189
2023-11-21 20:00:00,-1.2715047956504324
2023-11-21 21:00:00,-1.2033287182101426
2023-11-21 22:00:00,-0.2642177927479552
2023-11-21 23:00:00,-0.74755900559595
2023-11-22 00:00:00,-0.8431393925917119
2023-11-22 01:00:00,-0.34276541110172287
2023-11-22 02:00:00,-0.3944182557217913
2023-11-22 03:00:00,-0.06325275544131786
2023-11-22 04:00:00,-0.7038667609219897
2023-11-22 05:00:00,0.05963898044233992
2023-11-22 06:00:00,0.32601068742011574
2023-11-22 07:00:00,-0.28012142109300514
2023-11-22 08:00:00,0.473521955853345
2023-11-22 09:00:00,0.9632652182639033
2023-11-22 10:00:00,0.5581201472175608
2023-11-22 11:00:00,0.9082760209777909
2023-11-22 12:00:00,0.9518434403253805
2023-11-22 13:00:00,0.6153764293638968
2023-11-22 14:00:00,0.9034356930493037
2023-11-22 15:00:00,0.4711970922810475
2023-11-22 16:00:00,0.8408199398886453
2023-11-22 17:00:00,1.0754063641805909
2023-11-22 18:00:00,1.2163850459692411
2023-11-22 19:00:00,0.9947999309889037
2023-11-22 20:00:00,1.1757695133888288
2023-11-22 21:00:00,0.5860941379370452
2023-11-22 22:00:00,0.8291583977808306
2023-11-22 23:00:00,0.794568382788055
2023-11-23 00:00:00,1.2603144410902463
2023-11-23 01:00:00,0.5466921516825823
2023-11-23 02:00:00,0.35708804260215743
2023-11-23 03:00:00,0.40104086987354515
2023-11-23 04:00:00,0.0005078509240863949
2023-11-23 05:00:00,0.21130920665671787
2023-11-23 06:00:00,-0.0812177069009097
2023-11-23 07:00:00,-0.634730782765853
2023-11-23 08:00:00,-0.23900179770801422
2023-11-23 09:00:00,-0.4372830715160707
2023-11-23 10:00:00,-0.946936793275875
2023-11-23 11:00:00,-0.5853148131654111
2023-11-23 12:00:00,-0.21740157216398953
2023-11-23 13:00:00,-0.59635511405705
2023-11-23 14:00:00,-0.6458109537125931
2023-11-23 15:00:00,-1.2953748757963952
2023-11-23 16:00:00,-0.7992829508906582
2023-11-23 17:00:00,-0.9323530009455294
2023-11-23 18:00:00,-0.8372727945018862
2023-11-23 19:00:00,-0.872557549973539
2023-11-23 20:00:00,-1.3948483126935622
2023-11-23 21:00:00,-0.9713069382423943
2023-11-23 22:00:00,-1.1430680866212948
2023-11-23 23:00:00,-0.8730820590997646
2023-11-24 00:00:00,-1.0560679734618592
2023-11-24 01:00:00,-0.3094635689231608
2023-11-24 02:00:00,-0.8661412375733835
2023-11-24 03:00:00,-0.7737622027419052
2023-11-24 04:00:00,-0.3693681307333079
2023-11-24 05:00:00,-0.596347874466727
2023-11-24 06:00:00,-0.27777381254591604
2023-11-24 07:00:00,-0.2741446246179267
2023-11-24 08:00:00,0.52381345699079
2023-11-24 09:00:00,0.4602325567154344
2023-11-24 10:00:00,0.32773267822239704
2023-11-24 11:00:00,0.3426392217487755
2023-11-24 12:00:00,0.8500413705045683
2023-11-24 13:00:00,0.7881171372554676
2023-11-24 14:00:00,0.9042284489768411
2023-11-24 15:00:00,0.8232842110625073
2023-11-24 16:00:00,0.38786820478463435
2023-11-24 17:00:00,0.9096603035237062
2023-11-24 18:00:00,0.8178082631438631
2023-11-24 19:00:00,1.1897794927303664
2023-11-24 20:00:00,1.3027802221449636
2023-11-24 21:00:00,0.7890168232568984
2023-11-24 22:00:00,1.0985050826230904
2023-11-24 23:00:00,1.4352022987142763
2023-11-25 00:00:00,0.6561237797205215
2023-11-25 01:00:00,1.2894795639416432
2023-11-25 02:00:00,0.44518958258860275
2023-11-25 03:00:00,0.6128388029530877
2023-11-25 04:00:00,0.4980174089811082
2023-11-25 05:00:00,0.39229839853341597
2023-11-25 06:00:00,0.018888308327363823
2023-11-25 07:00:00,-0.03008982653249556
2023-11-25 08:00:00,-0.17830470196994463
2023-11-25 09:00:00,-0.005501385164313324
2023-11-25 10:00:00,-0.12854423053748773
2023-11-25 11:00:00,0.31985978684763605
2023-11-25 12:00:00,-0.05149762112060835
2023-11-25 13:00:00,-0.7233049632251374
2023-11-25 14:00:00,-0.5714359889762339
2023-11-25 15:00:00,-0.4577363577993041
2023-11-25 16:00:00,-0.823705886336115
2023-11-25 17:00:00,-0.9166321972773243
2023-11-25 18:00:00,-0.9289659225510726
2023-11-25 19:00:00,-0.7180299465529877
2023-11-25 20:00:00,-1.2510257598192656
2023-11-25 21:00:00,-1.096799806843145
2023-11-25 22:00:00,-0.8447504799509152
2023-11-25 23:00:00,-0.863648734454538
2023-11-26 00:00:00,-0.8412864992957189
2023-11-26 01:00:00,-0.9657502412427751
2023-11-26 02:00:00,-0.4911898894754575
2023-11-26 03:00:00,-0.058558588165817604
2023-11-26 04:00:00,-0.4815215909004212
2023-11-26 05:00:00,-0.5565906817811141
2023-11-26 06:00:00,-0.1592274723671805
2023-11-26 07:00:00,-0.4289024071656896
2023-11-26 08:00:00,-0.3690610344491555
2023-11-26 09:00:00,-0.009024680435724448
2023-11-26 10:00:00,-0.6681215246121374
2023-11-26 11:00:00,-0.11556923841071792
2023-11-26 12:00:00,0.24648149405246544
2023-11-26 13:00:00,0.05956307436198899
2023-11-26 14:00:00,0.26313932412167157
2023-11-26 15:00:00,0.5402067181857367
2023-11-26 16:00:00,0.2660337033558411
2023-11-26 17:00:00,0.7128012093517496
2023-11-26 18:00:00,0.736552326599297
2023-11-26 19:00:00,0.9530889351611527
2023-11-26 20:00:00,1.3251161666488014
2023-11-26 21:00:00,1.048537765034495
2023-11-26 22:00:00,1.0052791661259983
2023-11-26 23:00:00,1.0151852975763318
2023-11-27 00:00:00,1.0243845673100433
2023-11-27 01:00:00,0.6068534298015045
2023-11-27 02:00:00,0.8187411356744226
2023-11-27 03:00:00,0.873615840165953
2023-11-27 04:00:00,0.2852378832903003
2023-11-27 05:00:00,0.8606315110468306
2023-11-27 06:00:00,0.8203221290957414
2023-11-27 07:00:00,0.19363377598511605
2023-11-27 08:00:00,0.19172953183238195
2023-11-27 09:00:00,-0.12241577093144024
2023-11-27 10:00:00,0.225537184155004
2023-11-27 11:00:00,-0.4282103977197138
2023-11-27 12:00:00,-0.30041779913769984
2023-11-27 13:00:00,-0.6114890915124426
2023-11-27 14:00:00,-0.4530742532381218
2023-11-27 15:00:00,-1.1137756341907128
2023-11-27 16:00:00,-0.2756204341161108
2023-11-27 17:00:00,-1.0503492528275475
2023-11-27 18:00:00,-0.8183824040920363
2023-11-27 19:00:00,-0.9622750695771521
2023-11-27 20:00:00,-1.175121343302849
2023-11-27 21:00:00,-1.2458333403281945
2023-11-27 22:00:00,-0.7161138566343026
2023-11-27 23:00:00,-1.1565044522363384
2023-11-28 00:00:00,-0.9034566976427273
2023-11-28 01:00:00,-1.1956902232033622
2023-11-28 02:00:00,-1.104734133098181
2023-11-28 03:00:00,-0.7098549926238218
2023-11-28 04:00:00,-0.49990003682416184
2023-11-28 05:00:00,-0.7468007268778903
2023-11-28 06:00:00,-1.0249950478871654
2023-11-28 07:00:00,0.10621076205636293
2023-11-28 08:00:00,-0.6371045905280677
2023-11-28 09:00:00,-0.7235727304049748
2023-11-28 10:00:00,0.6404000383013988
2023-11-28 11:00:00,-0.1337883059936444
2023-11-28 12:00:00,-0.3255509350140284
2023-11-28 13:00:00,0.03169928032535407
2023-11-28 14:00:00,0.4670161571340501
2023-11-28 15:00:00,0.5282301763092948
2023-11-28 16:00:00,0.32255700030733364
2023-11-28 17:00:00,1.222697053419063
2023-11-28 18:00:00,0.6065299310264576
2023-11-28 19:00:00,0.48266462166965046
2023-11-28 20:00:00,1.1881020699922753
2023-11-28 21:00:00,1.346216100648042
2023-11-28 22:00:00,0.7348800254597969
2023-11-28 23:00:00,0.5768663515184776
2023-11-29 00:00:00,1.3077855913935266
2023-11-29 01:00:00,0.37005972245123464
2023-11-29 02:00:00,0.5863196358799712
2023-11-29 03:00:00,1.1995092228341142
2023-11-29 04:00:00,0.8332703568240781
2023-11-29 05:00:00,0.6978657949795365
2023-11-29 06:00:00,0.7977838508437831
2023-11-29 07:00:00,0.5500642935231538
2023-11-29 08:00:00,0.10083191125531565
2023-11-29 09:00:00,0.7600518681492318
2023-11-29 10:00:00,0.6555637853744425
2023-11-29 11:00:00,0.19641174906239003
2023-11-29 12:00:00,0.022974276812859
2023-11-29 13:00:00,0.5857945276731016
2023-11-29 14:00:00,-0.32271523697521787
2023-11-29 15:00:00,-0.4375618241325373
2023-11-29 16:00:00,-0.3645638479132124
2023-11-29 17:00:00,-0.13924236264588352
2023-11-29 18:00:00,-0.20036310951444747
2023-11-29 19:00:00,-0.842604586951005
2023-11-29 20:00:00,-0.74728272660404
2023-11-29 21:00:00,-1.3146860855635212
2023-11-29 22:00:00,-1.0420909659901532
2023-11-29 23:00:00,-1.2328340358843763
2023-11-30 00:00:00,-1.299547322269793
2023-11-30 01:00:00,-0.4940130569409743
2023-11-30 02:00:00,-1.2213821246371548
2023-11-30 03:00:00,-1.1128434448537055
2023-11-30 04:00:00,-0.798207423542383
2023-11-30 05:00:00,-0.45886711982366946
2023-11-30 06:00:00,-0.6307291909309494
2023-11-30 07:00:00,0.13814144531699601
2023-11-30 08:00:00,-0.6157686553813234
2023-11-30 09:00:00,-0.4100800117781134
2023-11-30 10:00:00,-0.2916347977272612
2023-11-30 11:00:00,0.17549473967291962
2023-11-30 12:00:00,0.020476396568701677
2023-11-30 13:00:00,-0.04115834351791385
2023-11-30 14:00:00,-0.16503076978663436
2023-11-30 15:00:00,0.31617022215127677
2023-11-30 16:00:00,0.7830246631883988
2023-11-30 17:00:00,0.3535605114031678
2023-11-30 18:00:00,0.7418794826500373
2023-11-30 19:00:00,0.7543463279144517
2023-11-30 20:00:00,1.0261100923586854
2023-11-30 21:00:00,0.6000591751323369
2023-11-30 22:00:00,1.6066132368855977
2023-11-30 23:00:00,0.5657413083398799
2023-12-01 00:00:00,0.8716908536941602
2023-12-01 01:00:00,1.2791429514393173
2023-12-01 02:00:00,1.0873281100258154
2023-12-01 03:00:00,1.2321215655613
2023-12-01 04:00:00,0.8035770827658961
2023-12-01 05:00:00,0.8841982679136956
2023-12-01 06:00:00,0.8502144853975684
2023-12-01 07:00:00,1.2438506777602978
2023-12-01 08:00:00,0.8945131959897883
2023-12-01 09:00:00,0.8298356675960668
2023-12-01 10:00:00,0.2875693088800264
2023-12-01 11:00:00,0.6620618253350031
2023-12-01 12:00:00,0.3196525604492414
2023-12-01 13:00:00,0.5453208900136777
2023-12-01 14:00:00,0.6073627787466489
2023-12-01 15:00:00,-0.2143672572584887
2023-12-01 16:00:00,-0.36777752492435817
2023-12-01 17:00:00,-0.6247636091579645
2023-12-01 18:00:00,-0.5225110157707991
2023-12-01 19:00:00,-0.7003557121590938
2023-12-01 20:00:00,-0.5749515973811578
2023-12-01 21:00:00,-0.8124380517087669
2023-12-01 22:00:00,-0.9516599566400862
2023-12-01 23:00:00,-0.5845927426080944
2023-12-02 00:00:00,-1.2318358265950307
2023-12-02 01:00:00,-0.8520233532666384
2023-12-02 02:00:00,-1.1197052332346342
2023-12-02 03:00:00,-0.7808098205920553
2023-12-02 04:00:00,-0.5669671228859084
2023-12-02 05:00:00,-1.042373950655402
2023-12-02 06:00:00,-0.7729986273107038
2023-12-02 07:00:00,-0.7912288493030565
2023-12-02 08:00:00,-1.010900932593902
2023-12-02 09:00:00,-0.6128608375584943
2023-12-02 10:00:00,-0.5015578135795129
2023-12-02 11:00:00,-0.35833328759559147
2023-12-02 12:00:00,-0.42799506394080183
2023-12-02 13:00:00,-0.2206758644016014
2023-12-02 14:00:00,-0.4697413136260472
2023-12-02 15:00:00,-0.1074342226018102
